matrix_size,block_size,lr_tol,mkl_threads,omp_threads,warmup_seconds,sample_1_seconds,sample_2_seconds,sample_3_seconds,sample_4_seconds,sample_5_seconds,median_seconds,rank,status
1024,64,0.000000000e+00,16,16,0.051875,0.061509,0.052048,0.052632,0.052706,0.057884,0.052706,1024,ok
1024,128,0.000000000e+00,16,16,0.051385,0.051008,0.051924,0.051918,0.049881,0.051684,0.051684,1024,ok
1024,256,0.000000000e+00,16,16,0.048179,0.048552,0.048060,0.047632,0.048090,0.048665,0.048090,1024,ok
2048,64,0.000000000e+00,16,16,0.346958,0.344033,0.347862,0.350735,0.346272,0.344914,0.346272,2048,ok
2048,128,0.000000000e+00,16,16,0.313873,0.316223,0.314835,0.316498,0.312902,0.317016,0.316223,2048,ok
2048,256,0.000000000e+00,16,16,0.251246,0.252406,0.252763,0.251368,0.252208,0.252223,0.252223,2048,ok
4096,64,0.000000000e+00,16,16,3.209254,3.485858,3.524422,3.531002,3.505326,3.511960,3.511960,4096,ok
4096,128,0.000000000e+00,16,16,2.359626,2.375013,2.359241,2.353522,2.349440,2.353769,2.353769,4096,ok
4096,256,0.000000000e+00,16,16,1.989260,1.987273,1.981360,1.984575,2.001501,1.987870,1.987273,4096,ok
